f,C,D,Rp,Rs
100,437.72nF,0.00659,550k,23.9
1000,434.03nF,0.00805,45.536k,2.95
10000,429.75nF,0.01188,3.12k,439.66
