R,Ua,IL
40,5.79,0.14475
60,5.82,0.097
80,5.84,0.073
100,5.86,0.058600000000000006
120,5.87,0.04891666666666667
