fg,urms,p
11837,0.14988,0.022464014400000003
1700,0.07204,0.005189761600000001
6070,0.12504,0.015635001600000004
